date,total_views,total_sessions,total_users,total_conversions,avg_drop_off,conversion_rate
2015-07-01,1150786,849,849,848,0.0,0.9988221436984688
2015-07-02,1168434,858,858,844,-inf,0.9836829836829837
2015-07-03,1117923,866,866,837,-inf,0.9665127020785219
2015-07-04,1096867,859,859,847,-inf,0.9860302677532014
2015-07-05,1175006,861,861,851,-inf,0.9883855981416957
2015-07-06,1257900,870,870,848,-inf,0.9747126436781609
2015-07-07,1222554,869,869,855,-inf,0.9838895281933256
2015-07-08,1170056,845,845,873,-inf,1.0331360946745562
2015-07-09,1141436,863,863,861,-inf,0.9976825028968713
2015-07-10,1173782,876,876,853,-inf,0.973744292237443
2015-07-11,1189683,858,858,847,-inf,0.9871794871794872
2015-07-12,1358161,874,874,864,-inf,0.988558352402746
2015-07-13,1389826,874,874,873,-inf,0.9988558352402745
2015-07-14,1420562,862,862,872,-inf,1.011600928074246
2015-07-15,1200014,862,862,867,-inf,1.005800464037123
2015-07-16,1164097,864,864,869,-inf,1.005787037037037
2015-07-17,1258056,878,878,867,-inf,0.9874715261958997
2015-07-18,1127148,866,866,856,-inf,0.9884526558891455
2015-07-19,1270556,851,851,878,-inf,1.0317273795534665
2015-07-20,1239643,872,872,880,-inf,1.0091743119266054
2015-07-21,1140323,888,888,874,-inf,0.9842342342342343
2015-07-22,1121267,869,869,875,-inf,1.006904487917146
2015-07-23,1107078,867,867,860,-inf,0.9919261822376009
2015-07-24,1086879,879,879,843,-inf,0.9590443686006825
2015-07-25,1054088,870,870,847,-inf,0.9735632183908046
2015-07-26,1146251,868,868,854,-inf,0.9838709677419355
2015-07-27,1094068,852,852,857,-inf,1.005868544600939
2015-07-28,1167009,857,857,857,-inf,1.0
2015-07-29,1170469,857,857,868,-inf,1.0128354725787632
2015-07-30,1098234,857,857,846,-inf,0.9871645274212368
2015-07-31,1033067,888,888,843,-inf,0.9493243243243243
2015-08-01,1011180,875,875,830,-inf,0.9485714285714286
2015-08-02,1130655,870,870,840,-inf,0.9655172413793104
2015-08-03,1017444,852,852,846,-inf,0.9929577464788732
2015-08-04,1199829,862,862,868,-inf,1.0069605568445477
2015-08-05,1154396,856,856,866,-inf,1.0116822429906542
2015-08-06,1122284,844,844,870,-inf,1.0308056872037914
2015-08-07,1123352,866,866,863,-inf,0.9965357967667436
2015-08-08,1059496,862,862,864,-inf,1.0023201856148491
2015-08-09,1170326,869,869,878,-inf,1.0103567318757192
2015-08-10,1154820,867,867,865,-inf,0.9976931949250288
2015-08-11,1243534,873,873,873,-inf,1.0
2015-08-12,1257144,864,864,885,-inf,1.0243055555555556
2015-08-13,1307346,857,857,879,-inf,1.0256709451575263
2015-08-14,1143696,870,870,871,-inf,1.0011494252873563
2015-08-15,1137149,840,840,871,-inf,1.036904761904762
2015-08-16,1197891,874,874,879,-inf,1.005720823798627
2015-08-17,1272958,874,874,888,-inf,1.0160183066361557
2015-08-18,1253540,870,870,888,-inf,1.0206896551724138
2015-08-19,1281002,861,861,873,-inf,1.0139372822299653
2015-08-20,1198392,880,880,861,-inf,0.9784090909090909
2015-08-21,1132962,854,854,856,-inf,1.0023419203747073
2015-08-22,1110404,850,850,857,-inf,1.0082352941176471
2015-08-23,1321283,862,862,878,-inf,1.0185614849187936
2015-08-24,1278118,865,865,883,-inf,1.0208092485549134
2015-08-25,1316896,861,861,886,-inf,1.0290360046457607
2015-08-26,1271769,860,860,882,-inf,1.0255813953488373
2015-08-27,1271469,878,878,889,-inf,1.0125284738041003
2015-08-28,1360195,860,860,883,-inf,1.0267441860465116
2015-08-29,1252196,882,882,871,-inf,0.9875283446712018
2015-08-30,1239265,860,860,886,-inf,1.0302325581395348
2015-08-31,1366512,866,866,885,-inf,1.0219399538106235
2015-09-01,1321779,852,852,873,-inf,1.0246478873239437
2015-09-02,1321072,869,869,879,-inf,1.0115074798619101
2015-09-03,1281133,867,867,877,-inf,1.011534025374856
2015-09-04,1256350,850,850,873,-inf,1.0270588235294118
2015-09-05,1272269,855,855,884,-inf,1.0339181286549708
2015-09-06,1407784,859,859,910,-inf,1.059371362048894
2015-09-07,1719229,871,871,891,-inf,1.0229621125143513
2015-09-08,1378748,861,861,878,-inf,1.0197444831591174
2015-09-09,1275580,863,863,880,-inf,1.0196987253765932
2015-09-10,1219371,863,863,874,-inf,1.0127462340672073
2015-09-11,1194897,867,867,872,-inf,1.0057670126874279
2015-09-12,1161110,864,864,890,-inf,1.0300925925925926
2015-09-13,1284327,872,872,902,-inf,1.0344036697247707
2015-09-14,1399229,865,865,898,-inf,1.038150289017341
2015-09-15,1319277,851,851,876,-inf,1.0293772032902468
2015-09-16,1299051,867,867,907,-inf,1.0461361014994233
2015-09-17,1337045,851,851,902,-inf,1.0599294947121034
2015-09-18,1313681,874,874,899,-inf,1.028604118993135
2015-09-19,1234394,880,880,910,-inf,1.0340909090909092
2015-09-20,1373303,878,878,931,-inf,1.060364464692483
2015-09-21,1615720,871,871,916,-inf,1.0516647531572905
2015-09-22,1534910,860,860,907,-inf,1.0546511627906976
2015-09-23,1483022,880,880,912,-inf,1.0363636363636364
2015-09-24,1403991,861,861,911,-inf,1.0580720092915215
2015-09-25,1315891,867,867,903,-inf,1.041522491349481
2015-09-26,1260054,872,872,916,-inf,1.0504587155963303
2015-09-27,1436978,872,872,928,-inf,1.0642201834862386
2015-09-28,1405383,853,853,918,-inf,1.0762016412661195
2015-09-29,1347802,879,879,918,-inf,1.0443686006825939
2015-09-30,1389716,856,856,909,-inf,1.0619158878504673
2015-10-01,1280118,871,871,910,-inf,1.044776119402985
2015-10-02,1233270,854,854,906,-inf,1.0608899297423888
2015-10-03,1303881,881,881,923,-inf,1.047673098751419
2015-10-04,1339597,868,868,945,-inf,1.0887096774193548
2015-10-05,1393156,863,863,913,-inf,1.0579374275782156
2015-10-06,1346110,873,873,919,-inf,1.0526918671248569
2015-10-07,1462796,871,871,908,-inf,1.04247990815155
2015-10-08,1591781,867,867,908,-inf,1.0472895040369088
2015-10-09,1319050,870,870,908,-inf,1.0436781609195402
2015-10-10,1331717,865,865,919,-inf,1.06242774566474
2015-10-11,1403220,861,861,937,-inf,1.0882694541231126
2015-10-12,1482971,870,870,930,-inf,1.0689655172413792
2015-10-13,1411803,864,864,924,-inf,1.0694444444444444
2015-10-14,1428185,871,871,919,-inf,1.0551090700344432
2015-10-15,1446216,862,862,917,-inf,1.0638051044083527
2015-10-16,1320286,856,856,913,-inf,1.066588785046729
2015-10-17,1370012,865,865,930,-inf,1.0751445086705202
2015-10-18,1435712,875,875,951,-inf,1.086857142857143
2015-10-19,1470685,867,867,937,-inf,1.0807381776239908
2015-10-20,1444341,855,855,914,-inf,1.0690058479532163
2015-10-21,1519130,862,862,907,-inf,1.0522041763341068
2015-10-22,1418277,852,852,918,-inf,1.0774647887323943
2015-10-23,1374855,877,877,917,-inf,1.0456100342075256
2015-10-24,1318559,858,858,925,-inf,1.078088578088578
2015-10-25,1429557,862,862,943,-inf,1.093967517401392
2015-10-26,1491353,865,865,923,-inf,1.0670520231213874
2015-10-27,1427168,870,870,918,-inf,1.0551724137931036
2015-10-28,1453834,860,860,918,-inf,1.0674418604651164
2015-10-29,1371713,859,859,924,-inf,1.0756693830034925
2015-10-30,1251801,875,875,925,-inf,1.0571428571428572
2015-10-31,1271726,856,856,905,-inf,1.0572429906542056
2015-11-01,1403277,873,873,936,-inf,1.0721649484536082
2015-11-02,1484032,850,850,931,-inf,1.0952941176470588
2015-11-03,1470029,866,866,929,-inf,1.0727482678983833
2015-11-04,1496704,875,875,934,-inf,1.0674285714285714
2015-11-05,1454232,879,879,924,-inf,1.0511945392491469
2015-11-06,1354463,861,861,922,-inf,1.0708478513356563
2015-11-07,1401442,863,863,938,-inf,1.0869061413673233
2015-11-08,1596232,865,865,955,-inf,1.1040462427745665
2015-11-09,1509605,862,862,946,-inf,1.097447795823666
2015-11-10,1474911,869,869,943,-inf,1.0851553509781358
2015-11-11,1636579,858,858,931,-inf,1.0850815850815851
2015-11-12,1455054,855,855,942,-inf,1.1017543859649124
2015-11-13,1404980,845,845,923,-inf,1.0923076923076922
2015-11-14,1346116,852,852,922,-inf,1.0821596244131455
2015-11-15,1484619,875,875,950,-inf,1.0857142857142856
2015-11-16,1467155,862,862,925,-inf,1.0730858468677493
2015-11-17,1461952,861,861,931,-inf,1.08130081300813
2015-11-18,1466176,864,864,934,-inf,1.0810185185185186
2015-11-19,1418480,860,860,930,-inf,1.0813953488372092
2015-11-20,1348284,865,865,936,-inf,1.0820809248554912
2015-11-21,1330142,858,858,944,-inf,1.1002331002331003
2015-11-22,1432529,855,855,960,-inf,1.1228070175438596
2015-11-23,1585675,870,870,942,-inf,1.0827586206896551
2015-11-24,1554222,864,864,937,-inf,1.0844907407407407
2015-11-25,1561764,882,882,929,-inf,1.0532879818594105
2015-11-26,1380741,875,875,931,-inf,1.064
2015-11-27,1635274,860,860,918,-inf,1.0674418604651164
2015-11-28,1404699,866,866,948,-inf,1.094688221709007
2015-11-29,1557830,871,871,964,-inf,1.1067738231917337
2015-11-30,1590257,861,861,952,-inf,1.1056910569105691
2015-12-01,1479742,852,852,935,-inf,1.0974178403755868
2015-12-02,1681969,883,883,948,-inf,1.0736126840317102
2015-12-03,1649397,868,868,937,-inf,1.0794930875576036
2015-12-04,1551118,858,858,932,-inf,1.0862470862470863
2015-12-05,1573630,846,846,941,-inf,1.112293144208038
2015-12-06,1642580,853,853,964,-inf,1.1301289566236812
2015-12-07,1708382,869,869,948,-inf,1.0909090909090908
2015-12-08,1659669,872,872,946,-inf,1.084862385321101
2015-12-09,1689518,860,860,939,-inf,1.091860465116279
2015-12-10,1564467,862,862,947,-inf,1.0986078886310904
2015-12-11,1437507,877,877,945,-inf,1.0775370581527937
2015-12-12,1489085,857,857,944,-inf,1.101516919486581
2015-12-13,1662537,860,860,965,-inf,1.122093023255814
2015-12-14,1559079,857,857,949,-inf,1.1073512252042006
2015-12-15,1458058,876,876,955,-inf,1.0901826484018264
2015-12-16,1560106,871,871,948,-inf,1.0884041331802525
2015-12-17,1472897,867,867,929,-inf,1.0715109573241062
2015-12-18,1471821,860,860,928,-inf,1.0790697674418606
2015-12-19,1537190,878,878,944,-inf,1.0751708428246014
2015-12-20,1610905,874,874,949,-inf,1.085812356979405
2015-12-21,1566995,866,866,953,-inf,1.1004618937644342
2015-12-22,1507125,855,855,939,-inf,1.0982456140350878
2015-12-23,1565871,860,860,936,-inf,1.0883720930232559
2015-12-24,1421439,877,877,903,-inf,1.0296465222348916
2015-12-25,1484075,885,885,915,-inf,1.0338983050847457
2015-12-26,2348674,869,869,933,-inf,1.0736478711162256
2015-12-27,1830156,862,862,957,-inf,1.1102088167053363
2015-12-28,1732325,876,876,952,-inf,1.08675799086758
2015-12-29,1803298,870,870,943,-inf,1.0839080459770114
2015-12-30,1622056,873,873,937,-inf,1.0733104238258877
2015-12-31,1634811,866,866,920,-inf,1.0623556581986142
2016-01-01,1707492,861,861,942,-inf,1.0940766550522647
2016-01-02,1904018,851,851,963,-inf,1.1316098707403055
2016-01-03,1883334,866,866,982,-inf,1.1339491916859123
2016-01-04,1759294,863,863,982,-inf,1.137891077636153
2016-01-05,1752301,853,853,974,-inf,1.141852286049238
2016-01-06,1802377,856,856,979,-inf,1.1436915887850467
2016-01-07,1770259,859,859,980,-inf,1.140861466821886
2016-01-08,2023555,864,864,976,-inf,1.1296296296296295
2016-01-09,2179045,873,873,995,-inf,1.1397479954180985
2016-01-10,2092211,862,862,1001,-inf,1.1612529002320187
2016-01-11,3164409,870,870,993,-inf,1.1413793103448275
2016-01-12,2155696,867,867,978,-inf,1.1280276816608996
2016-01-13,1897226,860,860,982,-inf,1.1418604651162791
2016-01-14,1963086,854,854,973,-inf,1.139344262295082
2016-01-15,1898425,860,860,994,-inf,1.155813953488372
2016-01-16,2023850,865,865,996,-inf,1.1514450867052024
2016-01-17,1979105,871,871,1013,-inf,1.1630309988518943
2016-01-18,1961730,870,870,991,-inf,1.139080459770115
2016-01-19,2074355,881,881,1004,-inf,1.1396140749148695
2016-01-20,1861029,875,875,1003,-inf,1.1462857142857144
2016-01-21,1711051,861,861,998,-inf,1.159117305458769
2016-01-22,1645197,864,864,994,-inf,1.150462962962963
2016-01-23,1742411,849,849,1005,-inf,1.1837455830388692
2016-01-24,1884747,860,860,995,-inf,1.1569767441860466
2016-01-25,1815155,866,866,997,-inf,1.151270207852194
2016-01-26,1778987,862,862,1003,-inf,1.1635730858468678
2016-01-27,1770556,876,876,1016,-inf,1.1598173515981736
2016-01-28,1659582,869,869,1006,-inf,1.1576524741081704
2016-01-29,1709730,858,858,998,-inf,1.1631701631701632
2016-01-30,1893646,867,867,1004,-inf,1.1580161476355249
2016-01-31,1920469,881,881,1015,-inf,1.152099886492622
2016-02-01,1749130,863,863,1003,-inf,1.1622247972190034
2016-02-02,1738647,886,886,1036,-inf,1.1693002257336342
2016-02-03,1844105,862,862,1041,-inf,1.2076566125290022
2016-02-04,1616542,868,868,1000,-inf,1.152073732718894
2016-02-05,1582028,859,859,1005,-inf,1.169965075669383
2016-02-06,1670656,869,869,1000,-inf,1.1507479861910241
2016-02-07,1945224,866,866,1015,-inf,1.172055427251732
2016-02-08,2057346,868,868,995,-inf,1.1463133640552996
2016-02-09,2004350,865,865,1025,-inf,1.1849710982658959
2016-02-10,1872771,865,865,1007,-inf,1.1641618497109827
2016-02-11,1800787,873,873,1012,-inf,1.15922107674685
2016-02-12,1767870,864,864,1015,-inf,1.1747685185185186
2016-02-13,1771293,873,873,1024,-inf,1.172966781214204
2016-02-14,1999732,855,855,1036,-inf,1.2116959064327486
2016-02-15,1829360,881,881,1013,-inf,1.1498297389330308
2016-02-16,2067760,861,861,1014,-inf,1.1777003484320558
2016-02-17,2286268,846,846,1018,-inf,1.2033096926713949
2016-02-18,1812487,852,852,1017,-inf,1.193661971830986
2016-02-19,1819497,854,854,1013,-inf,1.1861826697892273
2016-02-20,1874792,876,876,1026,-inf,1.1712328767123288
2016-02-21,1903003,861,861,1039,-inf,1.2067363530778166
2016-02-22,1734228,846,846,1016,-inf,1.2009456264775413
2016-02-23,1677510,863,863,1027,-inf,1.1900347624565468
2016-02-24,1800015,860,860,1023,-inf,1.1895348837209303
2016-02-25,1710525,868,868,1019,-inf,1.173963133640553
2016-02-26,1698622,884,884,1007,-inf,1.1391402714932126
2016-02-27,1763584,876,876,1012,-inf,1.1552511415525115
2016-02-28,1919123,854,854,1037,-inf,1.2142857142857142
2016-02-29,3247877,880,880,1040,-inf,1.1818181818181819
2016-03-01,2023039,851,851,1027,-inf,1.2068155111633372
2016-03-02,2046756,861,861,1038,-inf,1.2055749128919862
2016-03-03,1802532,854,854,1031,-inf,1.2072599531615924
2016-03-04,1727035,858,858,1032,-inf,1.2027972027972027
2016-03-05,1799223,861,861,1035,-inf,1.2020905923344947
2016-03-06,2100716,874,874,1061,-inf,1.2139588100686498
2016-03-07,1970966,869,869,1049,-inf,1.2071346375143843
2016-03-08,1684885,866,866,1039,-inf,1.199769053117783
2016-03-09,1872145,867,867,1025,-inf,1.182237600922722
2016-03-10,1671110,866,866,1017,-inf,1.174364896073903
2016-03-11,1585728,875,875,1017,-inf,1.1622857142857144
2016-03-12,1718739,860,860,1015,-inf,1.180232558139535
2016-03-13,1802677,862,862,1049,-inf,1.216937354988399
2016-03-14,1653776,867,867,1032,-inf,1.1903114186851211
2016-03-15,1932964,863,863,1037,-inf,1.20162224797219
2016-03-16,2584378,855,855,1022,-inf,1.1953216374269007
2016-03-17,1970165,850,850,1027,-inf,1.208235294117647
2016-03-18,1702792,864,864,1024,-inf,1.1851851851851851
2016-03-19,1750109,862,862,1043,-inf,1.2099767981438516
2016-03-20,1968660,851,851,1044,-inf,1.226792009400705
2016-03-21,1777861,859,859,1030,-inf,1.19906868451688
2016-03-22,1687222,876,876,1021,-inf,1.1655251141552512
2016-03-23,1704834,850,850,1012,-inf,1.1905882352941177
2016-03-24,1817728,861,861,997,-inf,1.1579558652729385
2016-03-25,1806400,876,876,1026,-inf,1.1712328767123288
2016-03-26,1760963,857,857,1026,-inf,1.1971995332555425
2016-03-27,1977900,866,866,1040,-inf,1.2009237875288683
2016-03-28,2088866,859,859,1047,-inf,1.2188591385331782
2016-03-29,2442479,858,858,1031,-inf,1.2016317016317015
2016-03-30,2232941,876,876,1029,-inf,1.1746575342465753
2016-03-31,1978665,848,848,1030,-inf,1.2146226415094339
2016-04-01,1758359,857,857,1015,-inf,1.1843640606767796
2016-04-02,1947919,852,852,1057,-inf,1.2406103286384977
2016-04-03,2186869,879,879,1077,-inf,1.2252559726962458
2016-04-04,2044491,888,888,1060,-inf,1.1936936936936937
2016-04-05,2066103,860,860,1061,-inf,1.2337209302325582
2016-04-06,2192390,861,861,1050,-inf,1.2195121951219512
2016-04-07,1716436,872,872,1038,-inf,1.1903669724770642
2016-04-08,1686914,867,867,1026,-inf,1.1833910034602075
2016-04-09,1590837,860,860,1044,-inf,1.213953488372093
2016-04-10,1698496,875,875,1053,-inf,1.2034285714285715
2016-04-11,1770427,873,873,1036,-inf,1.1867124856815578
2016-04-12,1696572,870,870,1025,-inf,1.1781609195402298
2016-04-13,1722690,867,867,1024,-inf,1.1810841983852365
2016-04-14,1613214,859,859,1022,-inf,1.189755529685681
2016-04-15,1725525,886,886,1023,-inf,1.154627539503386
2016-04-16,1495356,857,857,1032,-inf,1.2042007001166861
2016-04-17,1678793,869,869,1044,-inf,1.2013808975834293
2016-04-18,1630774,871,871,1025,-inf,1.176808266360505
2016-04-19,1664089,880,880,1030,-inf,1.1704545454545454
2016-04-20,2011954,877,877,1013,-inf,1.1550741163055873
2016-04-21,1729635,873,873,1025,-inf,1.1741122565864834
2016-04-22,1959867,875,875,1012,-inf,1.1565714285714286
2016-04-23,1592427,857,857,1036,-inf,1.2088681446907819
2016-04-24,1742284,872,872,1057,-inf,1.2121559633027523
2016-04-25,1636665,865,865,1045,-inf,1.2080924855491328
2016-04-26,2044001,864,864,1021,-inf,1.181712962962963
2016-04-27,2053384,866,866,1033,-inf,1.1928406466512702
2016-04-28,1633352,876,876,1021,-inf,1.1655251141552512
2016-04-29,1550209,862,862,1014,-inf,1.1763341067285382
2016-04-30,1611298,878,878,1004,-inf,1.143507972665148
2016-05-01,1643273,871,871,1027,-inf,1.1791044776119404
2016-05-02,1716044,859,859,1030,-inf,1.19906868451688
2016-05-03,1716558,857,857,1018,-inf,1.1878646441073513
2016-05-04,1820470,855,855,1016,-inf,1.1883040935672515
2016-05-05,1697764,863,863,1031,-inf,1.1946697566628042
2016-05-06,1550914,851,851,1032,-inf,1.2126909518213866
2016-05-07,1453352,879,879,1026,-inf,1.1672354948805461
2016-05-08,1637488,870,870,1053,-inf,1.210344827586207
2016-05-09,1821339,869,869,1022,-inf,1.1760644418872268
2016-05-10,1922221,866,866,1035,-inf,1.1951501154734412
2016-05-11,1815835,866,866,1042,-inf,1.2032332563510393
2016-05-12,1592977,872,872,1030,-inf,1.1811926605504588
2016-05-13,1524546,861,861,1045,-inf,1.213704994192799
2016-05-14,1553100,854,854,1034,-inf,1.2107728337236534
2016-05-15,1819317,866,866,1042,-inf,1.2032332563510393
2016-05-16,1642538,882,882,1054,-inf,1.1950113378684808
2016-05-17,1813852,861,861,1030,-inf,1.1962833914053426
2016-05-18,1788612,871,871,1038,-inf,1.1917336394948335
2016-05-19,1638613,858,858,1024,-inf,1.1934731934731935
2016-05-20,1509959,876,876,1018,-inf,1.1621004566210045
2016-05-21,1447842,868,868,1031,-inf,1.1877880184331797
2016-05-22,1680614,848,848,1058,-inf,1.2476415094339623
2016-05-23,1626203,865,865,1050,-inf,1.2138728323699421
2016-05-24,1571824,895,895,1044,-inf,1.1664804469273744
2016-05-25,1714215,873,873,1022,-inf,1.170675830469645
2016-05-26,1519245,861,861,1028,-inf,1.1939605110336817
2016-05-27,1581463,867,867,1020,-inf,1.1764705882352942
2016-05-28,1432115,856,856,1029,-inf,1.2021028037383177
2016-05-29,1615715,880,880,1040,-inf,1.1818181818181819
2016-05-30,1559365,857,857,1023,-inf,1.1936989498249708
2016-05-31,1466282,876,876,1031,-inf,1.1769406392694064
2016-06-01,1506560,874,874,1014,-inf,1.160183066361556
2016-06-02,1440130,869,869,1020,-inf,1.1737629459148446
2016-06-03,1487854,849,849,1019,-inf,1.2002355712603063
2016-06-04,1649464,850,850,1023,-inf,1.203529411764706
2016-06-05,1645977,872,872,1047,-inf,1.2006880733944953
2016-06-06,1576593,868,868,1025,-inf,1.1808755760368663
2016-06-07,1491710,866,866,1020,-inf,1.1778290993071594
2016-06-08,1546423,860,860,1012,-inf,1.1767441860465115
2016-06-09,1522318,853,853,1026,-inf,1.2028135990621336
2016-06-10,1674326,865,865,1003,-inf,1.1595375722543353
2016-06-11,1635798,866,866,1016,-inf,1.1732101616628174
2016-06-12,1901564,849,849,1036,-inf,1.2202591283863369
2016-06-13,1829631,866,866,1031,-inf,1.1905311778290992
2016-06-14,1807753,878,878,1016,-inf,1.1571753986332574
2016-06-15,1866795,870,870,1011,-inf,1.1620689655172414
2016-06-16,1803644,868,868,1014,-inf,1.1682027649769586
2016-06-17,1724876,863,863,1020,-inf,1.1819235225955969
2016-06-18,1718315,859,859,1028,-inf,1.1967403958090803
2016-06-19,2639073,869,869,1043,-inf,1.2002301495972383
2016-06-20,2881957,860,860,1031,-inf,1.1988372093023256
2016-06-21,2208529,866,866,1030,-inf,1.1893764434180139
2016-06-22,2257269,861,861,1014,-inf,1.1777003484320558
2016-06-23,2048495,881,881,1019,-inf,1.1566401816118048
2016-06-24,2624777,875,875,1010,-inf,1.1542857142857144
2016-06-25,2076819,880,880,1015,-inf,1.1534090909090908
2016-06-26,2141479,870,870,1021,-inf,1.1735632183908047
2016-06-27,2513236,863,863,1015,-inf,1.1761297798377752
2016-06-28,2277728,875,875,1025,-inf,1.1714285714285715
2016-06-29,1834784,845,845,1031,-inf,1.2201183431952662
2016-06-30,1885702,878,878,1018,-inf,1.1594533029612757
2016-07-01,1852862,868,868,1033,-inf,1.1900921658986174
2016-07-02,2374477,864,864,1029,-inf,1.1909722222222223
2016-07-03,2200042,859,859,1037,-inf,1.2072176949941793
2016-07-04,1933617,887,887,1039,-inf,1.1713641488162345
2016-07-05,1904024,880,880,1037,-inf,1.178409090909091
2016-07-06,1829190,864,864,1037,-inf,1.2002314814814814
2016-07-07,1942108,874,874,1034,-inf,1.1830663615560641
2016-07-08,1629270,871,871,1042,-inf,1.1963260619977039
2016-07-09,1663127,879,879,1034,-inf,1.1763367463026166
2016-07-10,2095797,872,872,1037,-inf,1.1892201834862386
2016-07-11,1792596,845,845,1043,-inf,1.2343195266272189
2016-07-12,1681871,876,876,1046,-inf,1.1940639269406392
2016-07-13,1729033,843,843,1039,-inf,1.232502965599051
2016-07-14,1804396,874,874,1054,-inf,1.205949656750572
2016-07-15,1679357,863,863,1021,-inf,1.1830822711471611
2016-07-16,1540141,859,859,1036,-inf,1.2060535506402794
2016-07-17,1657747,875,875,1059,-inf,1.2102857142857142
2016-07-18,1767742,860,860,1059,-inf,1.2313953488372094
2016-07-19,1777765,865,865,1041,-inf,1.2034682080924854
2016-07-20,1746961,884,884,1037,-inf,1.1730769230769231
2016-07-21,1649745,853,853,1030,-inf,1.2075029308323564
2016-07-22,1872205,864,864,1029,-inf,1.1909722222222223
2016-07-23,1623461,877,877,1047,-inf,1.1938426453819841
2016-07-24,1945271,864,864,1050,-inf,1.2152777777777777
2016-07-25,1836280,844,844,1049,-inf,1.2428909952606635
2016-07-26,1796708,871,871,1039,-inf,1.1928817451205511
2016-07-27,1742269,879,879,1046,-inf,1.1899886234357224
2016-07-28,1668436,855,855,1049,-inf,1.2269005847953216
2016-07-29,1667628,872,872,1032,-inf,1.18348623853211
2016-07-30,1628194,847,847,1029,-inf,1.2148760330578512
2016-07-31,1805167,864,864,1053,-inf,1.21875
2016-08-01,1837776,856,856,1036,-inf,1.2102803738317758
2016-08-02,1847965,874,874,1052,-inf,1.2036613272311212
2016-08-03,1794661,872,872,1038,-inf,1.1903669724770642
2016-08-04,1727542,861,861,1035,-inf,1.2020905923344947
2016-08-05,1811958,877,877,1027,-inf,1.171037628278221
2016-08-06,1801214,859,859,1027,-inf,1.1955762514551804
2016-08-07,1830328,861,861,1042,-inf,1.2102206736353078
2016-08-08,1950723,873,873,1038,-inf,1.1890034364261168
2016-08-09,1818772,865,865,1031,-inf,1.191907514450867
2016-08-10,2019476,868,868,1034,-inf,1.1912442396313363
2016-08-11,1972655,860,860,1045,-inf,1.2151162790697674
2016-08-12,1748555,867,867,1025,-inf,1.182237600922722
2016-08-13,1922590,855,855,1024,-inf,1.1976608187134503
2016-08-14,1867082,857,857,1048,-inf,1.2228704784130688
2016-08-15,1908728,876,876,1051,-inf,1.1997716894977168
2016-08-16,1786575,872,872,1050,-inf,1.2041284403669725
2016-08-17,1791077,861,861,1038,-inf,1.2055749128919862
2016-08-18,1946483,883,883,1047,-inf,1.1857304643261608
2016-08-19,2172062,877,877,1045,-inf,1.1915621436716077
2016-08-20,1863076,862,862,1048,-inf,1.2157772621809744
2016-08-21,1991863,862,862,1057,-inf,1.2262180974477959
2016-08-22,1949426,849,849,1075,-inf,1.266195524146054
2016-08-23,2245538,848,848,1061,-inf,1.2511792452830188
2016-08-24,2180546,860,860,1065,-inf,1.2383720930232558
2016-08-25,2105318,856,856,1062,-inf,1.2406542056074767
2016-08-26,1732765,870,870,1068,-inf,1.2275862068965517
2016-08-27,1817268,862,862,1065,-inf,1.2354988399071927
2016-08-28,2022957,878,878,1082,-inf,1.2323462414578588
2016-08-29,2020993,850,850,1066,-inf,1.2541176470588236
2016-08-30,2071322,863,863,1068,-inf,1.2375434530706837
2016-08-31,1845409,879,879,1046,-inf,1.1899886234357224
2016-09-01,2107915,887,887,1048,-inf,1.181510710259301
2016-09-02,1897393,862,862,1052,-inf,1.2204176334106729
2016-09-03,1989074,857,857,1073,-inf,1.2520420070011669
2016-09-04,2011990,869,869,1089,-inf,1.2531645569620253
2016-09-05,2038130,874,874,1067,-inf,1.2208237986270023
2016-09-06,1914587,851,851,1064,-inf,1.2502937720329024
2016-09-07,1800932,863,863,1068,-inf,1.2375434530706837
2016-09-08,1882574,878,878,1052,-inf,1.1981776765375853
2016-09-09,1955909,871,871,1058,-inf,1.2146957520091848
2016-09-10,1826055,868,868,1067,-inf,1.2292626728110598
2016-09-11,1953017,869,869,1081,-inf,1.2439585730724971
2016-09-12,2040299,865,865,1066,-inf,1.2323699421965317
2016-09-13,1939892,877,877,1066,-inf,1.2155074116305586
2016-09-14,1852038,861,861,1063,-inf,1.2346109175377469
2016-09-15,1863241,837,837,1064,-inf,1.2712066905615294
2016-09-16,1820025,843,843,1059,-inf,1.2562277580071175
2016-09-17,1815735,864,864,1074,-inf,1.2430555555555556
2016-09-18,2164963,881,881,1098,-inf,1.246311010215664
2016-09-19,2231128,871,871,1084,-inf,1.2445464982778416
2016-09-20,2294447,858,858,1067,-inf,1.2435897435897436
2016-09-21,2056277,858,858,1066,-inf,1.2424242424242424
2016-09-22,1942559,880,880,1066,-inf,1.2113636363636364
2016-09-23,2119406,876,876,1057,-inf,1.20662100456621
2016-09-24,1931291,870,870,1077,-inf,1.2379310344827585
2016-09-25,2219200,865,865,1090,-inf,1.260115606936416
2016-09-26,2162538,862,862,1071,-inf,1.24245939675174
2016-09-27,2506679,854,854,1076,-inf,1.259953161592506
2016-09-28,1955679,873,873,1090,-inf,1.2485681557846506
2016-09-29,2277222,873,873,1064,-inf,1.2187857961053838
2016-09-30,2152247,865,865,1070,-inf,1.2369942196531791
2016-10-01,1999837,856,856,1073,-inf,1.2535046728971964
2016-10-02,2489204,866,866,1095,-inf,1.2644341801385681
2016-10-03,2394719,874,874,1073,-inf,1.2276887871853548
2016-10-04,2017353,854,854,1072,-inf,1.2552693208430914
2016-10-05,2050519,866,866,1080,-inf,1.2471131639722863
2016-10-06,2049608,850,850,1061,-inf,1.248235294117647
2016-10-07,1957869,859,859,1057,-inf,1.230500582072177
2016-10-08,2133142,857,857,1090,-inf,1.2718786464410734
2016-10-09,2171029,875,875,1095,-inf,1.2514285714285713
2016-10-10,2310172,860,860,1097,-inf,1.2755813953488373
2016-10-11,2134206,880,880,1076,-inf,1.2227272727272727
2016-10-12,2129423,853,853,1140,-inf,1.3364595545134819
2016-10-13,2014447,865,865,1149,-inf,1.3283236994219654
2016-10-14,2036750,892,892,1062,-inf,1.1905829596412556
2016-10-15,1933654,861,861,1081,-inf,1.2555168408826944
2016-10-16,2374031,868,868,1102,-inf,1.2695852534562213
2016-10-17,2135796,870,870,1073,-inf,1.2333333333333334
2016-10-18,2051940,864,864,1076,-inf,1.2453703703703705
2016-10-19,2064396,871,871,1075,-inf,1.2342135476463834
2016-10-20,2130043,863,863,1075,-inf,1.2456546929316339
2016-10-21,2075063,873,873,1070,-inf,1.2256586483390608
2016-10-22,1932083,880,880,1085,-inf,1.2329545454545454
2016-10-23,2271078,870,870,1096,-inf,1.2597701149425287
2016-10-24,1998287,875,875,1074,-inf,1.2274285714285715
2016-10-25,1901410,851,851,1071,-inf,1.2585193889541715
2016-10-26,1986605,855,855,1071,-inf,1.2526315789473683
2016-10-27,2052956,874,874,1060,-inf,1.2128146453089246
2016-10-28,2399656,874,874,1059,-inf,1.2116704805491991
2016-10-29,2134100,880,880,1069,-inf,1.2147727272727273
2016-10-30,2230252,858,858,1089,-inf,1.2692307692307692
2016-10-31,2463051,837,837,1063,-inf,1.2700119474313023
2016-11-01,2283539,853,853,1083,-inf,1.2696365767878077
2016-11-02,2490284,864,864,1065,-inf,1.2326388888888888
2016-11-03,2398672,862,862,1069,-inf,1.240139211136891
2016-11-04,2401104,870,870,1067,-inf,1.2264367816091954
2016-11-05,2427829,875,875,1082,-inf,1.2365714285714287
2016-11-06,2543956,870,870,1104,-inf,1.2689655172413794
2016-11-07,2242249,869,869,1080,-inf,1.2428078250863062
2016-11-08,2576629,861,861,1066,-inf,1.2380952380952381
2016-11-09,3268453,871,871,1050,-inf,1.2055109070034442
2016-11-10,2633100,882,882,1050,-inf,1.1904761904761905
2016-11-11,2613935,872,872,1066,-inf,1.2224770642201834
2016-11-12,2475011,867,867,1103,-inf,1.2722029988465975
2016-11-13,2388625,864,864,1119,-inf,1.2951388888888888
2016-11-14,2244749,874,874,1094,-inf,1.2517162471395882
2016-11-15,2103546,872,872,1090,-inf,1.25
2016-11-16,2056973,867,867,1083,-inf,1.2491349480968859
2016-11-17,1989545,872,872,1087,-inf,1.246559633027523
2016-11-18,2002367,870,870,1081,-inf,1.242528735632184
2016-11-19,2144402,865,865,1088,-inf,1.2578034682080925
2016-11-20,2100378,848,848,1109,-inf,1.3077830188679245
2016-11-21,2083458,864,864,1092,-inf,1.2638888888888888
2016-11-22,1845150,836,836,1078,-inf,1.2894736842105263
2016-11-23,1885594,868,868,1081,-inf,1.2453917050691243
2016-11-24,1759707,873,873,1066,-inf,1.2210767468499428
2016-11-25,1872722,858,858,1064,-inf,1.24009324009324
2016-11-26,1986342,866,866,1087,-inf,1.2551963048498844
2016-11-27,2181660,854,854,1101,-inf,1.2892271662763466
2016-11-28,2049955,855,855,1079,-inf,1.2619883040935673
2016-11-29,2443396,854,854,1074,-inf,1.2576112412177987
2016-11-30,2045466,861,861,1086,-inf,1.2613240418118468
2016-12-01,1904776,860,860,1086,-inf,1.2627906976744185
2016-12-02,1755858,867,867,1087,-inf,1.2537485582468282
2016-12-03,1901255,876,876,1101,-inf,1.2568493150684932
2016-12-04,2284722,869,869,1102,-inf,1.2681242807825086
2016-12-05,2491462,864,864,1080,-inf,1.25
2016-12-06,2426178,867,867,1089,-inf,1.2560553633217992
2016-12-07,2211076,879,879,1092,-inf,1.242320819112628
2016-12-08,2117624,849,849,1088,-inf,1.28150765606596
2016-12-09,2129498,883,883,1086,-inf,1.2298980747451869
2016-12-10,2754917,853,853,1086,-inf,1.2731535756154748
2016-12-11,2175478,858,858,1112,-inf,1.2960372960372961
2016-12-12,2185709,877,877,1100,-inf,1.2542759407069555
2016-12-13,2161671,855,855,1088,-inf,1.272514619883041
2016-12-14,2168308,869,869,1086,-inf,1.2497123130034522
2016-12-15,1915541,878,878,1070,-inf,1.2186788154897494
2016-12-16,1869632,865,865,1056,-inf,1.2208092485549134
2016-12-17,2039516,853,853,1097,-inf,1.2860492379835873
2016-12-18,2105819,865,865,1104,-inf,1.276300578034682
2016-12-19,2055374,854,854,1091,-inf,1.2775175644028103
2016-12-20,2021962,855,855,1086,-inf,1.2701754385964912
2016-12-21,1926840,864,864,1080,-inf,1.25
2016-12-22,1874872,856,856,1078,-inf,1.2593457943925233
2016-12-23,1944108,856,856,1052,-inf,1.2289719626168225
2016-12-24,2005791,861,861,1048,-inf,1.2171893147502904
2016-12-25,2070901,862,862,1081,-inf,1.254060324825986
2016-12-26,2183990,884,884,1093,-inf,1.2364253393665159
2016-12-27,2579530,876,876,1092,-inf,1.2465753424657535
2016-12-28,2537111,857,857,1097,-inf,1.280046674445741
2016-12-29,3080122,886,886,1100,-inf,1.2415349887133182
2016-12-30,3241388,868,868,1085,-inf,1.25
2016-12-31,2341478,878,878,1061,-inf,1.2084282460136675
2017-01-01,2446300,868,868,1077,-inf,1.2407834101382489
2017-01-02,2288185,868,868,1111,-inf,1.2799539170506913
2017-01-03,2269760,874,874,1102,-inf,1.2608695652173914
2017-01-04,2094452,869,869,1120,-inf,1.2888377445339472
2017-01-05,2037346,844,844,1114,-inf,1.319905213270142
2017-01-06,1975608,873,873,1112,-inf,1.2737686139747995
2017-01-07,2195201,866,866,1132,-inf,1.3071593533487298
2017-01-08,2430139,874,874,1136,-inf,1.299771167048055
2017-01-09,2758534,874,874,1122,-inf,1.2837528604118993
2017-01-10,2172153,862,862,1108,-inf,1.28538283062645
2017-01-11,2111291,893,893,1110,-inf,1.2430011198208286
2017-01-12,2054650,870,870,1104,-inf,1.2689655172413794
2017-01-13,2108505,862,862,1110,-inf,1.2877030162412992
2017-01-14,2254812,873,873,1103,-inf,1.263459335624284
2017-01-15,2429856,852,852,1123,-inf,1.318075117370892
2017-01-16,2209758,852,852,1098,-inf,1.2887323943661972
2017-01-17,2173464,858,858,1093,-inf,1.2738927738927739
2017-01-18,2081456,870,870,1090,-inf,1.2528735632183907
2017-01-19,2063281,866,866,1103,-inf,1.2736720554272518
2017-01-20,2160584,866,866,1094,-inf,1.2632794457274827
2017-01-21,2301421,856,856,1113,-inf,1.300233644859813
2017-01-22,2378539,858,858,1135,-inf,1.3228438228438228
2017-01-23,2375307,862,862,1108,-inf,1.28538283062645
2017-01-24,2092415,859,859,1114,-inf,1.2968568102444704
2017-01-25,1928935,861,861,1109,-inf,1.2880371660859466
2017-01-26,1909412,864,864,1087,-inf,1.2581018518518519
2017-01-27,1839191,857,857,1098,-inf,1.2812135355892649
2017-01-28,1980931,871,871,1099,-inf,1.261768082663605
2017-01-29,2037237,867,867,1124,-inf,1.2964244521337946
2017-01-30,2045126,869,869,1125,-inf,1.2945914844649022
2017-01-31,1908712,849,849,1110,-inf,1.3074204946996466
2017-02-01,2049423,859,859,1098,-inf,1.2782305005820722
2017-02-02,1939237,874,874,1097,-inf,1.2551487414187643
2017-02-03,1918627,855,855,1095,-inf,1.280701754385965
2017-02-04,1966359,872,872,1105,-inf,1.2672018348623852
2017-02-05,2251679,862,862,1138,-inf,1.320185614849188
2017-02-06,4323005,879,879,1103,-inf,1.254835039817975
2017-02-07,2374538,874,874,1115,-inf,1.2757437070938216
2017-02-08,2246428,862,862,1100,-inf,1.2761020881670533
2017-02-09,2203376,868,868,1088,-inf,1.2534562211981566
2017-02-10,2163504,876,876,1091,-inf,1.245433789954338
2017-02-11,2162548,859,859,1112,-inf,1.2945285215366706
2017-02-12,2447848,877,877,1131,-inf,1.289623717217788
2017-02-13,2298454,872,872,1103,-inf,1.264908256880734
2017-02-14,2010054,852,852,1102,-inf,1.2934272300469483
2017-02-15,1953203,857,857,1082,-inf,1.2625437572928822
2017-02-16,2015670,864,864,1091,-inf,1.2627314814814814
2017-02-17,1897700,851,851,1084,-inf,1.2737955346651
2017-02-18,2470773,853,853,1105,-inf,1.2954279015240329
2017-02-19,3157557,858,858,1111,-inf,1.294871794871795
2017-02-20,2435985,870,870,1101,-inf,1.2655172413793103
2017-02-21,2019727,857,857,1098,-inf,1.2812135355892649
2017-02-22,1985459,871,871,1096,-inf,1.2583237657864523
2017-02-23,1786606,868,868,1099,-inf,1.2661290322580645
2017-02-24,1712164,874,874,1100,-inf,1.2585812356979404
2017-02-25,1959853,870,870,1108,-inf,1.2735632183908046
2017-02-26,2631549,876,876,1125,-inf,1.2842465753424657
2017-02-27,3052640,873,873,1106,-inf,1.2668957617411225
2017-02-28,2031424,847,847,1079,-inf,1.2739079102715467
2017-03-01,1950674,871,871,1088,-inf,1.2491389207807118
2017-03-02,1956709,856,856,1081,-inf,1.2628504672897196
2017-03-03,2014957,861,861,1073,-inf,1.246225319396051
2017-03-04,2142418,856,856,1114,-inf,1.3014018691588785
2017-03-05,2300472,859,859,1113,-inf,1.2956926658905705
2017-03-06,2129377,890,890,1083,-inf,1.2168539325842698
2017-03-07,2135103,870,870,1082,-inf,1.2436781609195402
2017-03-08,1999936,865,865,1095,-inf,1.2658959537572254
2017-03-09,1856330,863,863,1087,-inf,1.2595596755504055
2017-03-10,1733306,869,869,1076,-inf,1.238204833141542
2017-03-11,1803949,870,870,1093,-inf,1.2563218390804598
2017-03-12,1960151,867,867,1111,-inf,1.2814302191464821
2017-03-13,1834123,872,872,1088,-inf,1.2477064220183487
2017-03-14,1871728,864,864,1082,-inf,1.2523148148148149
2017-03-15,1835105,866,866,1076,-inf,1.2424942263279446
2017-03-16,1734935,867,867,1086,-inf,1.2525951557093427
2017-03-17,2003533,866,866,1074,-inf,1.2401847575057736
2017-03-18,1715489,873,873,1087,-inf,1.2451317296678122
2017-03-19,1838005,865,865,1116,-inf,1.2901734104046243
2017-03-20,1795021,871,871,1095,-inf,1.257175660160735
2017-03-21,1847845,858,858,1089,-inf,1.2692307692307692
2017-03-22,1891504,870,870,1079,-inf,1.2402298850574713
2017-03-23,1669248,880,880,1069,-inf,1.2147727272727273
2017-03-24,1611242,877,877,1053,-inf,1.200684150513113
2017-03-25,2003446,866,866,1072,-inf,1.2378752886836029
2017-03-26,2082015,857,857,1077,-inf,1.2567094515752626
2017-03-27,1673381,855,855,1050,-inf,1.2280701754385965
2017-03-28,1673167,869,869,1061,-inf,1.2209436133486766
2017-03-29,1700242,866,866,1052,-inf,1.2147806004618937
2017-03-30,1634369,858,858,1073,-inf,1.2505827505827505
2017-03-31,1557318,874,874,1048,-inf,1.1990846681922196
2017-04-01,1893802,879,879,1059,-inf,1.204778156996587
2017-04-02,2063612,858,858,1074,-inf,1.2517482517482517
2017-04-03,1715527,858,858,1065,-inf,1.2412587412587412
2017-04-04,1669874,852,852,1072,-inf,1.2582159624413145
2017-04-05,1645378,866,866,1052,-inf,1.2147806004618937
2017-04-06,1599195,866,866,1072,-inf,1.2378752886836029
2017-04-07,1668798,870,870,1055,-inf,1.2126436781609196
2017-04-08,1661648,858,858,1063,-inf,1.2389277389277389
2017-04-09,1889740,852,852,1075,-inf,1.261737089201878
2017-04-10,1768320,867,867,1091,-inf,1.2583621683967705
2017-04-11,1620691,875,875,1085,-inf,1.24
2017-04-12,1562236,878,878,1067,-inf,1.215261958997722
2017-04-13,1764275,873,873,1078,-inf,1.2348224513172967
2017-04-14,1673828,883,883,1066,-inf,1.2072480181200453
2017-04-15,1735705,874,874,1070,-inf,1.2242562929061784
2017-04-16,1917501,857,857,1078,-inf,1.2578763127187864
2017-04-17,1897437,870,870,1088,-inf,1.2505747126436781
2017-04-18,1701306,862,862,1072,-inf,1.2436194895591648
2017-04-19,1835650,863,863,1085,-inf,1.257242178447277
2017-04-20,1840593,865,865,1073,-inf,1.2404624277456648
2017-04-21,1752381,855,855,1075,-inf,1.2573099415204678
2017-04-22,1749063,857,857,1110,-inf,1.2952158693115519
2017-04-23,1853567,856,856,1098,-inf,1.2827102803738317
2017-04-24,1755575,867,867,1067,-inf,1.2306805074971165
2017-04-25,1845053,873,873,1058,-inf,1.2119129438717067
2017-04-26,1849193,873,873,1048,-inf,1.2004581901489118
2017-04-27,1799470,858,858,1043,-inf,1.2156177156177157
2017-04-28,1586442,839,839,1035,-inf,1.233611442193087
2017-04-29,1624747,891,891,1039,-inf,1.1661054994388327
2017-04-30,1848251,876,876,1043,-inf,1.1906392694063928
2017-05-01,1911075,869,869,1068,-inf,1.2289988492520139
2017-05-02,1665809,867,867,1035,-inf,1.193771626297578
2017-05-03,1766799,866,866,1039,-inf,1.199769053117783
2017-05-04,1704178,848,848,1037,-inf,1.2228773584905661
2017-05-05,1657143,865,865,1046,-inf,1.2092485549132947
2017-05-06,1603218,864,864,1054,-inf,1.2199074074074074
2017-05-07,1764738,876,876,1075,-inf,1.2271689497716896
2017-05-08,1934283,864,864,1051,-inf,1.2164351851851851
2017-05-09,3781155,859,859,1046,-inf,1.2176949941792783
2017-05-10,5076063,861,861,1030,-inf,1.1962833914053426
2017-05-11,3501267,863,863,1042,-inf,1.2074159907300115
2017-05-12,3313792,868,868,1039,-inf,1.1970046082949308
2017-05-13,2496151,859,859,1045,-inf,1.2165308498253784
2017-05-14,2244116,862,862,1049,-inf,1.216937354988399
2017-05-15,1585149,871,871,1044,-inf,1.198622273249139
2017-05-16,1569353,844,844,1032,-inf,1.2227488151658767
2017-05-17,1663196,860,860,1036,-inf,1.2046511627906977
2017-05-18,1548760,864,864,1042,-inf,1.2060185185185186
2017-05-19,1574425,868,868,1043,-inf,1.2016129032258065
2017-05-20,1526391,863,863,1033,-inf,1.1969872537659327
2017-05-21,1597184,852,852,1053,-inf,1.2359154929577465
2017-05-22,1597294,868,868,1033,-inf,1.1900921658986174
2017-05-23,1621912,862,862,1038,-inf,1.2041763341067286
2017-05-24,1688370,858,858,1059,-inf,1.2342657342657342
2017-05-25,1555601,866,866,1036,-inf,1.1963048498845266
2017-05-26,1471814,861,861,1035,-inf,1.2020905923344947
2017-05-27,1497352,862,862,1040,-inf,1.2064965197215778
2017-05-28,1665228,858,858,1052,-inf,1.2261072261072261
2017-05-29,1712882,865,865,1050,-inf,1.2138728323699421
2017-05-30,1625862,882,882,1057,-inf,1.1984126984126984
2017-05-31,7233982,853,853,1033,-inf,1.2110199296600235
2017-06-01,1523198,865,865,1028,-inf,1.1884393063583816
2017-06-02,1505174,867,867,1024,-inf,1.1810841983852365
2017-06-03,1909167,861,861,1030,-inf,1.1962833914053426
2017-06-04,1780045,874,874,1048,-inf,1.1990846681922196
2017-06-05,1779694,873,873,1044,-inf,1.1958762886597938
2017-06-06,1873988,858,858,1036,-inf,1.2074592074592074
2017-06-07,3000107,874,874,1034,-inf,1.1830663615560641
2017-06-08,1944003,876,876,1036,-inf,1.182648401826484
2017-06-09,1515735,861,861,1031,-inf,1.197444831591173
2017-06-10,1596117,875,875,1013,-inf,1.1577142857142857
2017-06-11,2052126,875,875,1031,-inf,1.1782857142857144
2017-06-12,1584085,877,877,1025,-inf,1.168757126567845
2017-06-13,1695457,849,849,1014,-inf,1.1943462897526502
2017-06-14,1549805,870,870,1005,-inf,1.1551724137931034
2017-06-15,1612141,866,866,1013,-inf,1.1697459584295613
2017-06-16,1514006,866,866,1026,-inf,1.1847575057736721
2017-06-17,1743052,861,861,1023,-inf,1.1881533101045296
2017-06-18,1628655,860,860,1028,-inf,1.1953488372093024
2017-06-19,1644497,856,856,1009,-inf,1.1787383177570094
2017-06-20,1609951,880,880,1017,-inf,1.1556818181818183
2017-06-21,1602600,859,859,1011,-inf,1.1769499417927822
2017-06-22,1593595,871,871,1002,-inf,1.1504018369690012
2017-06-23,1758444,867,867,1008,-inf,1.1626297577854672
2017-06-24,1555916,846,846,1014,-inf,1.198581560283688
2017-06-25,1584978,873,873,1037,-inf,1.1878579610538373
2017-06-26,1479989,876,876,1029,-inf,1.1746575342465753
2017-06-27,1642447,857,857,1020,-inf,1.1901983663943991
2017-06-28,1701636,852,852,1021,-inf,1.198356807511737
2017-06-29,1716077,857,857,1010,-inf,1.1785297549591598
2017-06-30,1788807,869,869,1012,-inf,1.1645569620253164
2017-07-01,1555845,851,851,1021,-inf,1.199764982373678
2017-07-02,1523022,849,849,1040,-inf,1.2249705535924618
2017-07-03,1455822,877,877,1026,-inf,1.169897377423033
2017-07-04,1501069,860,860,1018,-inf,1.1837209302325582
2017-07-05,1860628,854,854,1012,-inf,1.1850117096018735
2017-07-06,1638350,873,873,1014,-inf,1.161512027491409
2017-07-07,1491275,901,901,1006,-inf,1.1165371809101
2017-07-08,1421352,872,872,996,-inf,1.1422018348623852
2017-07-09,1484245,873,873,1021,-inf,1.1695303550973655
2017-07-10,1567073,860,860,1027,-inf,1.1941860465116279
2017-07-11,1571391,859,859,1008,-inf,1.1734575087310826
2017-07-12,1390158,861,861,1004,-inf,1.1660859465737514
2017-07-13,1398160,869,869,1005,-inf,1.1565017261219792
2017-07-14,1456025,865,865,996,-inf,1.1514450867052024
2017-07-15,1361179,874,874,1009,-inf,1.154462242562929
2017-07-16,1562422,875,875,1033,-inf,1.1805714285714286
2017-07-17,1502870,873,873,1004,-inf,1.1500572737686139
2017-07-18,1441653,862,862,995,-inf,1.154292343387471
2017-07-19,1382738,851,851,1004,-inf,1.1797884841363102
2017-07-20,1349281,871,871,991,-inf,1.137772675086108
2017-07-21,1323710,861,861,995,-inf,1.1556329849012776
2017-07-22,1391324,859,859,1009,-inf,1.1746216530849825
2017-07-23,1523804,868,868,1020,-inf,1.1751152073732718
2017-07-24,1464431,863,863,1012,-inf,1.1726535341830824
2017-07-25,1360595,858,858,1015,-inf,1.182983682983683
2017-07-26,1339947,856,856,1017,-inf,1.1880841121495327
2017-07-27,1349641,858,858,995,-inf,1.1596736596736597
2017-07-28,1388488,876,876,993,-inf,1.1335616438356164
2017-07-29,1377047,862,862,1015,-inf,1.177494199535963
2017-07-30,1416866,865,865,1028,-inf,1.1884393063583816
2017-07-31,1400128,872,872,1006,-inf,1.1536697247706422
2017-08-01,1350226,876,876,992,-inf,1.1324200913242009
2017-08-02,1455552,865,865,996,-inf,1.1514450867052024
2017-08-03,1346470,867,867,1001,-inf,1.154555940023068
2017-08-04,1322818,888,888,987,-inf,1.1114864864864864
2017-08-05,1361469,852,852,993,-inf,1.1654929577464788
2017-08-06,1479363,874,874,1003,-inf,1.1475972540045767
2017-08-07,1397033,866,866,996,-inf,1.1501154734411085
2017-08-08,1439404,864,864,1003,-inf,1.1608796296296295
2017-08-09,1410444,865,865,1015,-inf,1.1734104046242775
2017-08-10,1423380,857,857,1021,-inf,1.191365227537923
2017-08-11,1634551,865,865,1001,-inf,1.1572254335260115
2017-08-12,1550455,858,858,1014,-inf,1.1818181818181819
2017-08-13,1489394,842,842,1028,-inf,1.2209026128266034
2017-08-14,1468212,881,881,1025,-inf,1.1634506242905789
2017-08-15,1480679,859,859,1040,-inf,1.210710128055879
2017-08-16,1539618,866,866,1026,-inf,1.1847575057736721
2017-08-17,1423683,855,855,1022,-inf,1.1953216374269007
2017-08-18,1450663,859,859,1022,-inf,1.189755529685681
2017-08-19,1444108,847,847,1017,-inf,1.2007083825265643
2017-08-20,1780969,879,879,1034,-inf,1.1763367463026166
2017-08-21,1511387,874,874,999,-inf,1.143020594965675
2017-08-22,1429379,855,855,1011,-inf,1.182456140350877
2017-08-23,1426501,872,872,1016,-inf,1.165137614678899
2017-08-24,1419164,874,874,998,-inf,1.1418764302059496
2017-08-25,1460753,869,869,1005,-inf,1.1565017261219792
2017-08-26,1439363,871,871,997,-inf,1.1446613088404134
2017-08-27,1573864,853,853,1018,-inf,1.1934349355216882
2017-08-28,1487624,870,870,1010,-inf,1.160919540229885
2017-08-29,1470938,863,863,1012,-inf,1.1726535341830824
2017-08-30,1513761,873,873,1008,-inf,1.1546391752577319
2017-08-31,1609903,858,858,1020,-inf,1.1888111888111887
2017-09-01,1695505,883,883,1015,-inf,1.1494903737259343
2017-09-02,1703577,853,853,1009,-inf,1.182883939038687
2017-09-03,1830066,862,862,1032,-inf,1.197215777262181
2017-09-04,1954214,868,868,1011,-inf,1.1647465437788018
2017-09-05,1934352,864,864,1002,-inf,1.1597222222222223
2017-09-06,2969161,870,870,999,-inf,1.1482758620689655
2017-09-07,2282149,868,868,1046,-inf,1.205069124423963
2017-09-08,1469588,857,857,998,-inf,1.1645274212368728
2017-09-09,1488486,878,878,998,-inf,1.1366742596810935
2017-09-10,1272466,868,868,994,-inf,1.1451612903225807
